Nombre,Circunscripción Territorial,Partido,Correo,Oficina,Teléfono,Facebook,Twitter,Youtube,Instagram
Adriana Carolina Arbeláez Giraldo,Bogotá,Cambio Radical,carolina.arbelaez@camara.gov.co,512 - 513 - Edificio Nuevo del Congreso,+(57) (601) 8770720 Ext: 3545,https://www.facebook.com/CaroArbelaezGiraldo,https://twitter.com/kroarbelaez,https://www.youtube.com/@carolinaarbelaez9271,https://www.instagram.com/caroarbelaezg/
Agmeth José Escaf Tijerino,Atlántico,Coalición Pacto Histórico,agmeth.escaf@camara.gov.co,337B - Edificio Nuevo del Congreso,+(57) (601) 8770720 Ext: 3198 - 3199,https://www.facebook.com/aescaf/?locale=es_LA,https://twitter.com/agmethescaf?ref_src=twsrc%5Egoogle%7Ctwcamp%5Eserp%7Ctwgr%5Eauthor,,https://www.instagram.com/agmethescaf/?hl=es
Alejandro García Ríos,Risaralda,Partido Alianza Verde,alejandro.garcia@camara.gov.co,448B - Edificio Nuevo del Congreso,+(57) (601) 8770720 Ext: 3418 - 3419,https://www.facebook.com/AlejandroGarciaPEI,https://twitter.com/AlejoGarciaRios,,https://www.instagram.com/alejandrogarciapei/
Alexander Harley Bermúdez Lasso,Guaviare,Partido Liberal,alexander.bermudez@camara.gov.co,533 - 534 - Edificio Nuevo Congreso ,+(57) (601) 8770720 Ext: 3599,https://www.facebook.com/alexbermudezla,https://twitter.com/alexbermudezla,,https://www.instagram.com/alexbermudezla/?hl=es-la
Alfredo Ape Cuello Baute,Cesar,Partido Conservador Colombiano,alfredo.cuello@camara.gov.co,Piso 2 - Capitolio Nacional, +(57) (601) 8770720 Ext: 5294 - 3160,https://www.facebook.com/apecuelloperfil/?locale=es_LA,,,https://instagram.com/apecuello?igshid=YmMyMTA2M2Y=
Álvaro Henry Monedero Rivera,Valle del Cauca,Partido Liberal,alvaro.monedero@camara.gov.co,Mezanine Norte Of 5 - Edificio Nuevo del Congreso ,+(57) (601) 8770720 Ext: 5311,https://es-la.facebook.com/alvaro.h.rivera.5,https://twitter.com/ahmonedero?lang=es,,https://www.instagram.com/ahmonedero/?hl=es
Alexander Guarín Silva,Guainía,Partido de la U,alexander.guarin@camara.gov.co,401B - 443B - Edificio Nuevo del Congreso ,+(57) (601) 8770720 Ext: 3101,https://www.facebook.com/profile.php?id=100076592769391&mibextid=ZbWKwL,https://twitter.com/AlexGuarinS?t=sH2payhb0b-mFk9KeJ9r2Q&s=09,,https://instagram.com/alexander.guarins?igshid=YmMyMTA2M2Y=
Armando Antonio Zabaraín de Arce,Atlántico,Partido Conservador Colombiano,armando.zabarain@camara.gov.co,525 - 526 - Edificio Nuevo del Congreso,+(57) (601) 8770720 Ext: 3569 - 3570,https://www.facebook.com/profile.php?id=100070516189773&mibextid=LQQJ4d,https://twitter.com/armandozabarain?s=11&t=8c132PEngRGEV8o2pKVwlQ,,https://instagram.com/armandozabaraind?igshid=YmMyMTA2M2Y=
Alirio Uribe Muñoz,Bogotá,Coalición Pacto Histórico,alirio.uribe@camara.gov.co,419B - 420B - Edificio Nuevo del Congreso,+(57) (601) 8770720 Ext: 3458 - 3457,https://www.facebook.com/aliriouribem/?locale=es_LA,https://twitter.com/AlirioUribeMuoz?ref_src=twsrc%5Egoogle%7Ctwcamp%5Eserp%7Ctwgr%5Eauthor,,https://www.instagram.com/aliriouribem/?hl=es
Álvaro Mauricio Londoño Lugo,Vichada,Partido de la U,alvaro.londono@camara.gov.co,532B - 533B - Edificio Nuevo del Congreso,+(57) (601) 8770720 Ext: 4088 - 4089,https://www.facebook.com/VotaU103,,,
Alfredo Mondragón Garzón,Valle del Cauca,Coalición Pacto Histórico,alfredo.mondragon@camara.gov.co,423 - 511B - Edificio Nuevo del Congreso,+(57) (601) 8770720 Ext: 4412,https://www.facebook.com/AlfreMondragonG?mibextid=ZbWKwL,https://twitter.com/AlfreMondragon?t=Fpl70Rtvnuofy88et4OdUw&s=09,,https://www.facebook.com/AlfreMondragonG?mibextid=ZbWKwL
Álvaro Leonel Rueda caballero,Santander,Partido Liberal,alvaro.rueda@camara.gov.co,Mezanine Norte Of 3 - Edificio Nuevo del Congreso ,+(57) (601) 8770720 Ext: 3481 - 5352,https://www.facebook.com/AlvaroRuedaC?mibextid=LQQJ4d,https://twitter.com/alvarolrueda?s=11&t=mrco84BneCotxVp2WkdQfw,,https://instagram.com/alvarolrueda?igshid=YmMyMTA2M2Y=
Ana Paola García Soto,Córdoba,Partido de la U,ana.garcia@camara.gov.co,215B - 216B - Edificio Nuevo del Congreso ,+(57) (601) 8770720 Ext: 3837 - 3847,,https://twitter.com/anapaolagarciau?s=11&t=OD9dmKtdX_o78lbn4DKzEQ,,https://instagram.com/anapgarcias?igshid=MDM4ZDc5MmU=
Ana Rogelia Monsalve Álvarez,"Circ. Esp. Com. Afro, Raizales y Palenqueras",Partido Demócrata Colombiano,ana.monsalve@camara.gov.co,345B - 544B - Edificio Nuevo del Congreso ,+(57) (601) 8770720 Ext: 4304 - 4305,https://www.facebook.com/AnaRogeliaMonsalvea/,https://twitter.com/AnaMonsalveA,https://www.youtube.com/@anarogeliamonsalve7320,https://www.instagram.com/anamonsalvealvarez/
Andrés David Calle Aguas,Córdoba,Partido Liberal,andres.calle@camara.gov.co,236B - Edificio Nuevo del Congreso,+(57) (601) 8770720 Ext: 4016,https://www.facebook.com/profile.php?id=100058103978023,https://twitter.com/AndresCalleA,,https://www.instagram.com/andrescallea/
Andrés Eduardo Forero Molina,Bogotá,Centro Democrático,andres.forero@camara.gov.co,519B - 520B - Edificio Nuevo del Congreso ,+(57) (601) 8770720 Ext: 3559 - 3563,https://www.facebook.com/AForeroM/,https://twitter.com/AForeroM,,https://www.instagram.com/andres.forerom/
Andrés Felipe Jiménez Vargas,Antioquia,Partido Conservador Colombiano,andres.jimenez@camara.gov.co,301B - 302B - Edificio Nuevo del Congreso ,+(57) (601) 8770720 Ext: 3809 - 3810,https://www.facebook.com/FelipeJimenezAntioquia,https://twitter.com/FelipeAntioquia,,https://www.instagram.com/felipejimenezantioquia/?hl=en
Andrés Guillermo Montes Celedón,Bolívar,Partido Conservador Colombiano,andres.montes@camara.gov.co,303B - 304B - Edificio Nuevo del Congreso,+(57) (601) 8770720 Ext: 3684 - 3685,https://www.facebook.com/AndresGuillermoMontesC?mibextid=ZbWKwL,https://twitter.com/andres_montes_?t=4MVuLJ5HrlB0Rb5Gyh2Tuw&s=09,,https://instagram.com/andresguillermomontesc?igshid=YmMyMTA2M2Y=
Ángela María Vergara González,Bolívar,Partido Conservador Colombiano,angela.vergara@camara.gov.co,231B - 232B - Edificio Nuevo del Congreso,+(57) (601) 8770720 Ext: 3297 - 3298,https://www.facebook.com/angelamariavergaragonzalez?mibextid=LQQJ4d,https://twitter.com/amvergarag?s=21&t=yQlfPHWaXgmnXDmQOnFw6A,,https://instagram.com/angelavergarag?igshid=YmMyMTA2M2Y=
Aníbal Gustavo Hoyos Franco,Risaralda,Partido Liberal,anibal.hoyos@camara.gov.co,545B - 546B - Edificio Nuevo del Congreso ,+(57) (601) 8770720 Ext: 4006 - 4007,https://www.facebook.com/anibalhoyosfranco,https://twitter.com/anibalhoyosf?s=21&t=3jFfULaOn2k1HEL092nrxQ,,https://instagram.com/anibalhoyosfranco?igshid=YmMyMTA2M2Y=
Astrid Sánchez Montes De Oca,Chocó,Partido de la U,astrid.sanchezm@camara.gov.co,Mezanine Sur Of 201- Edificio Nuevo del Congreso ,+(57) (601) 8770720 Ext: 3118 - 3124,,,,
Bayardo Gilberto Betancourt Pérez,Nariño,Cambio Radical,bayardo.betancourt@camara.gov.co,502B - 503B - Edificio Nuevo Congreso ,+(57) (601) 8770720 Ext: 4323 - 3514,https://www.facebook.com/GilbertoBetancourt2022/?locale=es_LA,,,
Betsy Judith Pérez Arango,Atlántico,Cambio Radical,betsy.perez@camara.gov.co,419 - 420 - Edificio Nuevo del Congreso ,+(57) (601) 8770720 Ext: 3455 - 3456,https://www.facebook.com/BetsyPerezArango?mibextid=LQQJ4d,https://twitter.com/betsyperez_1?s=21&t=j35B-JnMiPHBkaasJZbNvA,,https://instagram.com/betsyperez_1?igshid=YmMyMTA2M2Y=
Camilo Esteban Ávila Morales,Vaupés,Partido de la U,camilo.avila@camara.gov.co,324B - 325B - Edificio Nuevo del Congreso ,+(57) (601) 8770720 Ext: 3553 - 3745,https://www.facebook.com/camilo.e.avila.7,,,
Carlos Adolfo Ardila Espinosa,Putumayo,Partido Liberal,carlos.ardila@camara.gov.co,635 - Edificio Nuevo del Congreso ,+(57) (601) 8770720 Ext: 5475,https://www.facebook.com/CarlosardilaE/,https://twitter.com/CARLOSARDILA10,https://youtube.com/@carlosardila10,https://www.instagram.com/carlosardilae
Carlos Alberto Carreño Marin,Bogotá,Partido Comunes,carlos.carreno@camara.gov.co,203B - 411B - Edificio Nuevo Congreso ,+(57) (601) 8770720 Ext: 3834 - 3835,https://www.facebook.com/SergioComunes?mibextid=LQQJ4d,https://twitter.com/SergioComunes?ref_src=twsrc%5Egoogle%7Ctwcamp%5Eserp%7Ctwgr%5Eauthor,https://youtube.com/@sergiomarinrep.alacamarapa1660,https://instagram.com/sergiocomunes?igshid=YmMyMTA2M2Y=
Carlos Alberto Cuenca Chaux,Guainía,Cambio Radical,carlos.cuenca@camara.gov.co,Mezanine Sur Of 101 - Edificio Nuevo Congreso,+(57) (601) 8770720 Ext: 3156 - 3157,,,,
Carlos Arturo Vallejo Beltrán,Meta,Partido Alianza Verde,carlos.vallejo@camara.gov.co,701 - Edificio Nuevo del Congreso,+(57) (601) 8770720 Ext: ,https://www.facebook.com/doctorcarlosvallejo?mibextid=ZbWKwL,,,
Carlos Edward Osorio Aguiar,Tolima,Centro Democrático,carlos.osorio@camara.gov.co,Piso 3 - Capitolio Nacional,+(57) (601) 8770720 Ext: 5304,,,,
Carlos Felipe Quintero Ovalle,Cesar,Partido Liberal,carlos.quintero@camara.gov.co,550B - 620B - Edificio Nuevo del Congreso,+(57) (601) 8770720 Ext: 5140 - 5146,https://www.facebook.com/carlosfelipe.quintero.7?mibextid=LQQJ4d,https://twitter.com/carlosfelipeq?s=21&t=SjX15XiUEkFmNNrjoAkomg,,https://instagram.com/carlosfelipequinteroovalle?igshid=NzAzN2Q1NTE=
Carmen Felisa Ramírez Boscán,Ciudadanos en el exterior,Coalición Pacto Histórico,carmen.ramirez@camara.gov.co, 408B - 409B - Edificio Nuevo del Congreso ,+(57) (601) 8770720 Ext: 3432 - 4482,https://www.facebook.com/karmenramirezboscan,https://twitter.com/Wayunkerra,https://www.youtube.com/@karmenramirezboscan8083,https://www.instagram.com/wayunkerra/
Carolina Giraldo Botero,Risaralda,Partido Alianza Verde,carolina.giraldo@camara.gov.co,413B - 414B - Edificio Nuevo del Congreso ,+(57) (601) 8770720 Ext: 4404 - 5540,https://www.facebook.com/CaroGiraldoBotero,https://twitter.com/CaroGiraBo,https://www.youtube.com/@CaroGiraBo,https://instagram.com/carogirabo?igshid=YmMyMTA2M2Y=
Catherine Juvinao Clavijo,Bogotá,Partido Alianza Verde,catherine.juvinao@camara.gov.co,Piso 3 - Capitolio Nacional,+(57) (601) 8770720 Ext: 5475 - 5476,https://www.facebook.com/FueraVagos?mibextid=LQQJ4d,https://twitter.com/cathyjuvinao?s=21&t=zeXfGzYItfSe6RRD2UK4RA,,https://instagram.com/cathy_juvinao?igshid=YmMyMTA2M2Y=
César Cristian Gómez Castro,Cauca,Partido Liberal,cesar.gomez@camara.gov.co,229B - 230B - Edificio Nuevo del Congreso ,+(57) (601) 8770720 Ext: 3504 - 3505,,,,
Christian Munir Garcés Aljure,Valle del Cauca,Centro Democrático,christian.garces@camara.gov.co,618B - 619B - Edificio Nuevo del Congreso ,+(57) (601) 8770720 Ext: 3656 - 3658,https://www.facebook.com/christian.garcesaljure?mibextid=LQQJ4d,https://twitter.com/ChriGarces?s=20,https://www.youtube.com/@christiangarces859,https://instagram.com/chrigarces?igshid=YmMyMTA2M2Y=
Ciro Antonio Rodríguez Pinzón,Norte de Santander,Partido Conservador Colombiano,ciro.rodriguez@camara.gov.co,Mezanine Norte Of 1 - Edificio Nuevo del Congreso ,+(57) (601) 8770720 Ext: 3223 - 3776,,,,
Cristian Danilo Avendaño Fino,Santander,Partido Alianza Verde,cristian.avendano@camara.gov.co,504 - 505 - Edificio Nuevo del Congreso,+(57) (601) 8770720 Ext: 3594 - 3598,,,,
Cristóbal Caicedo Angulo,Valle del Cauca,Coalición Pacto Histórico,cristobal.caicedo@camara.gov.co,527 - 537 - Edificio Nuevo del Congreso ,+(57) (601) 8770720 Ext: 4464 - 4471,https://www.facebook.com/@CRISTOBALCAICEDOCAMARADEREPRESENTANTES/,https://twitter.com/CRISTOBALCAIC10?ref_src=twsrc%5Egoogle%7Ctwcamp%5Eserp%7Ctwgr%5Eauthor,,https://instagram.com/cristobalcaicedo22?igshid=NDk5N2NlZjQ=
Daniel Carvalho Mejía,Antioquia,Coalición Centro Esperanza,daniel.carvalho@camara.gov.co,527B - 537B - Edificio Nuevo del Congreso ,+(57) (601) 8770720 Ext:,https://www.facebook.com/CARVALHOporAntioquia?mibextid=9R9pXO,https://twitter.com/davalho,,https://instagram.com/davalho?igshid=NzZlODBkYWE4Ng==
Daniel Restrepo Carmona,Antioquia,Partido Conservador Colombiano,daniel.restrepo@camara.gov.co,202 - Edificio Nuevo del Congreso ,+(57) (601) 8770720 Ext: 3543 - 3588,https://www.facebook.com/DanielRestreepoC?mibextid=LQQJ4d,https://twitter.com/danielrestrepoc?s=21&t=tauYHRM8ZJR9ibo9uQZLEQ,,https://instagram.com/danielrestrepoc_?igshid=YmMyMTA2M2Y=
David Ricardo Racero Mayorca,Bogotá,Coalición Pacto Histórico,david.racero@camara.gov.co,604 - Edificio Nuevo del Congreso ,+(57) (601) 8770720 Ext: 3635,https://www.facebook.com/DavidRaceroM,https://twitter.com/DavidRacero,,https://www.instagram.com/davidracerom/?utm_medium=copy_link
David Alejandro Toro Ramírez,Antioquia,Coalición Pacto Histórico,alejandro.toro@camara.gov.co,304 - 305 - Edificio Nuevo del Congreso,+(57) (601) 8770720 Ext: 3496 - 3499,https://www.facebook.com/alejandro.toro1?mibextid=LQQJ4d,https://twitter.com/AlejoToroAnt?ref_src=twsrc%5Egoogle%7Ctwcamp%5Eserp%7Ctwgr%5Eauthor,,https://instagram.com/alejotoroant?igshid=YmMyMTA2M2Y=
Delcy Esperanza Isaza Buenaventura,Tolima,Partido Conservador Colombiano,delcy.isaza@camara.gov.co,432B - 433B - Edificio Nuevo del Congreso ,+(57) (601) 8770720 Ext: 3330 - 3657,https://www.facebook.com/DelcyIsazaB?mibextid=LQQJ4d,https://twitter.com/delcyisaza?lang=es,https://youtube.com/@delcyesperanzaisazabuenave8960,https://instagram.com/delcyisaza?igshid=ZWQyN2ExYTkwZQ==
Diego Fernando Caicedo Navas,Cundinamarca,Partido de la U,diego.caicedo@camara.gov.co,644B - 645B - Edificio Nuevo del Congreso ,+(57) (601) 8770720 Ext: 4090,https://www.facebook.com/diegocaicedon?mibextid=ZbWKwL,,,https://instagram.com/diegocaicedo1?igshid=YmMyMTA2M2Y=
Diego Patiño Amariles,Risaralda,Partido Liberal,diego.patino@camara.gov.co,515B - 516B - Edificio Nuevo Congreso,+(57) (601) 8770720 Ext: 4170 - 4171 ,,,,
Diógenes Quintero Amaya,Circ. Trans. Esp. de Paz (CITREP),Asociación de Familias Desplazadas de Hacarí,diogenes.quintero@camara.gov.co,336B - Edificio Nuevo del Congreso ,+(57) (601) 8770720 Ext: 3805 - 3806,,,,
Dolcey Oscar Torres Romero,Atlántico,Partido Liberal,dolcey.torres@camara.gov.co,646B - 647B - Edificio Nuevo del Congreso ,+(57) (601) 8770720 Ext: 4094 - 4095,https://www.facebook.com/dolceytorresro,https://twitter.com/dolceytorresr,,https://www.instagram.com/dolceytorres/
Dorina Hernández Palomino,Bolívar,Coalición Pacto Histórico,dorina.hernandez@camara.gov.co,309B - 310B - Edificio Nuevo del Congreso ,+(57) (601) 8770720 Ext: 3336,https://www.facebook.com/chadorinah/,https://twitter.com/chadorinah?lang=en,,https://www.instagram.com/chadorinah/
Duvalier Sánchez Arango,Valle del Cauca,Partido Alianza Verde,duvalier.sanchez@camara.gov.co,504B - 505B - Edificio Nuevo del Congreso ,+(57) (601) 8770720 Ext: 3482,https://m.facebook.com/duvaliersan,https://twitter.com/DuvalierSanchez,,https://www.instagram.com/duvaliersanchez/?hl=en
Edinson Vladimir Olaya Mancipe,Casanare,Centro Democrático,edinson.olaya@camara.gov.co,536 - Edificio Nuevo del Congreso,+(57) (601) 8770720 Ext: 3575,,,,
Eduard Alexis Triana Rincón,Boyacá,Centro Democrático,eduar.triana@camara.gov.co,305B - 306B - Edificio Nuevo del Congreso ,+(57) (601) 8770720 Ext: 3329,https://www.facebook.com/EduarTrianaR?mibextid=LQQJ4d,https://x.com/eduartrianar?s=11&t=x6QMhv8pS3ZmvUXFVUA5Gw,,https://instagram.com/eduartrianar?igshid=MzRlODBiNWFlZA==
Eduard Giovanny Sarmiento Hidalgo,Cundinamarca,Coalición Pacto Histórico,eduard.sarmiento@camara.gov.co,506B - 509B - Edificio Nuevo del Congreso ,+(57) (601) 8770720 Ext: 4484,,,,
Elizabeth Jay-Pang Díaz,San Andrés y Providencia,Partido Liberal,elizabeth.jay-pang@camara.gov.co,411 - 413 - Edificio Nuevo del Congreso ,+(57) (601) 8770720 Ext: 3404,,,,
Elkin Rodolfo Ospina Ospina,Antioquia,Partido Alianza Verde,elkin.ospina@camara.gov.co,444b - 445B - Edificio Nuevo del Congreso ,+(57) (601) 8770720 Ext: 3120 - 3148,https://www.facebook.com/elkinospinaospina,https://twitter.com/elkinospinao?s=09,https://youtube.com/channel/UCd6nhnQ83_YPw43kwCXvNGA,https://instagram.com/elkinospinaospina?igshid=YmMyMTA2M2Y=
Erick Adrián Velasco Burbano,Nariño,Coalición Pacto Histórico,erick.velasco@camara.gov.co,317B - 318B - Edificio Nuevo del Congreso ,+(57) (601) 8770720 Ext: 3353 - 3354,https://www.facebook.com/erickvelascocamara?mibextid=LQQJ4d,https://twitter.com/eravelasco?s=11&t=n8CmzL45YxGa5k-uDE_C6Q,,https://instagram.com/eravelasco?igshid=YmMyMTA2M2Y=
Erika Tatiana Sánchez Pinto,Santander,Ninguno,erika.sanchez@camara.gov.co,Mezanine Sur - Edificio Nuevo del Congreso,+(57) (601) 8770720 Ext: 3110 - 3115,https://web.facebook.com/HRErikaSanchez,https://twitter.com/erikatatianasn2?lang=es,,https://www.instagram.com/hrerikasanchez_/
Ermes Evelio Pete Vivas,Cauca,Coalición Pacto Histórico,ermes.pete@camara.gov.co,628B - 629B - Edificio Nuevo del Congreso ,+(57) (601) 8770720 Ext: 3680 - 3681,https://www.facebook.com/ErmesPeteRepresentante?mibextid=ZbWKwL,,,https://instagram.com/peteermes?igshid=YmMyMTA2M2Y=
Etna Tamara Argote Calderón,Bogotá,Coalición Pacto Histórico,etna.argote@camara.gov.co,426B - 427B - Edificio Nuevo del Congreso ,+(57) (601) 8770720 Ext: 3467 - 3469,https://www.facebook.com/TamaraArgotePactemos?mibextid=LQQJ4d,https://twitter.com/tamaraargote?s=21&t=-ETsNnuPZDa3jkVEsIFstA,,https://instagram.com/tamaraargote?igshid=YmMyMTA2M2Y=
Fernando David Niño Mendoza,Bolívar,Partido Conservador Colombiano,fernando.nino@camara.gov.co,523B - 524B - Edificio Nuevo del Congreso ,+(57) (601) 8770720 Ext: 5168,,,,
Flora Perdomo Andrade,Huila,Partido Liberal,flora.perdomo@camara.gov.co,409 - 410 - Edificio Nuevo del Congreso,+(57) (601) 8770720 Ext: 3434 - 3435,https://www.facebook.com/floritaperdomo,https://twitter.com/florita_perdomo,,http://Instagram.com/floritaperdomo
Gabriel Becerra Yañez,Bogotá,Coalición Pacto Histórico,gabriel.becerra@camara.gov.co,634B - 635B - Edificio Nuevo del Congreso ,+(57) (601) 8770720 Ext: 3828,,,,
Gabriel Ernesto Parrado Durán,Meta,Coalición Pacto Histórico,gabriel.parrado@camara.gov.co,609 - 610 - Edificio Nuevo del Congreso,+(57) (601) 8770720 Ext: 5344 - 5345,https://www.facebook.com/ParradoGabrieI?mibextid=LOOJ4d,https://twitter.com/GabrielParradoD,,https://www.instaqram.com/qabrieIoarradod/?next=%2F
Gerardo Yepes Caro,Tolima,Partido Conservador Colombiano,gerardo.yepes@camara.gov.co,435B - Edificio Nuevo del Congreso,+(57) (601) 8770720 Ext: 3793 - 4433,https://www.facebook.com/SoyGerardoYepesCaro?mibextid=LQQJ4d,https://twitter.com/gerardoyepes_?s=21&t=85292jzDvX3fRIrrutk7gw,,https://instagram.com/gerardoyepescaro?igshid=YmMyMTA2M2Y=
Germán José Gómez López,Atlántico,Partido Comunes,german.gomez@camara.gov.co,218 - Edificio Nuevo del Congreso,+(57) (601) 8770720 Ext: 3826,https://www.facebook.com/German.Gomez.Comunes?mibextid=ZbWKwL,https://twitter.com/GermanComunes?t=-Zqmo8or0SPBBNoEcaXIQg&s=08,,https://instagram.com/germangomezcomunes?igshid=OGQ5ZDc2ODk2ZA==
Germán Rogelio Rozo Anís,Arauca,Partido Liberal,german.rozo@camara.gov.co,223B - 224B - Edificio Nuevo del Congreso,+(57) (601) 8770720 Ext: 3287 - 3288,https://www.facebook.com/germanrozoanis/,https://twitter.com/GERMANROZOANIS,,https://www.instagram.com/germanrozoanis/
Gersel Luis Pérez Altamiranda,Atlántico,Cambio Radical,gersel.perez@camara.gov.co,627 - Edificio Nuevo del Congreso,+(57) (601) 8770720 Ext: 3617 - 3618,https://www.facebook.com/GerselPerez,https://twitter.com/gerselperez?s=11&t=yBFhKFAwna0DqSlhUjhktw,,https://instagram.com/gerselperezaltamiranda?igshid=YmMyMTA2M2Y=
Gerson Lisímaco Montaño Arizala,Circ. Trans. Esp. de Paz (CITREP),Corporación Red de Consejos Comunitarios del Pacífico Sur Recompas,gerson.montano@camara.gov.co,446B - Edificio Nuevo del Congreso,+(57) (601) 8770720 Ext: 4331,https://www.facebook.com/people/Gerson-Lisimaco-Monta%C3%B1o-Arizala/100077167217295/,https://twitter.com/gersonlisi?lang=es,,https://instagram.com/gerson_lisimaco?igshid=NTc4MTIwNjQ2YQ==
Gildardo Silva Molina,Valle del Cauca,Coalición Pacto Histórico,gildardo.silva@camara.gov.co,,+(57) (601) 8770720 Ext:,https://www.facebook.com/profile.php?id=1235680903&mibextid=LQQJ4d,https://x.com/gildardosilvaph?s=21,,https://www.instagram.com/gildardosilvaph?igsh=bWV2bHVlc3N2a2Zx
Gilma Díaz Arias,Caquetá,Partido Liberal,gilma.diaz@camara.gov.co,547B - 548B - Edificio Nuevo del Congreso,+(57) (601) 8770720 Ext: 4010,https://www.facebook.com/L101GilmaDiaz?mibextid=LQQJ4d,,,https://instagram.com/gilmadepacheco?igshid=OGQ5ZDc2ODk2ZA==
Gloria Elena Arizabaleta Corral,Valle del Cauca,Coalición Pacto Histórico,gloria.arizabaleta@camara.gov.co,631B - 632B - Edificio Nuevo del Congreso,+(57) (601) 8770720 Ext: 3687,https://www.facebook.com/GloriaEArizabaleta,https://twitter.com/GloArizabaleta?t=AiuNpOrbalFy0DRd3osdtA&s=09,,https://instagram.com/gloriaearizabaleta?igshid=YmMyMTA2M2Y=
Gloria Liliana Rodríguez Valencia,Cundinamarca,Partido Alianza Verde,gloria.rodriguez@camara.gov.co,522 - 523 - Edificio Nuevo del Congreso,+(57) (601) 8770720 Ext: 3653 - 3654,,,,
Haiver Rincón Gutiérrez,Circ. Trans. Esp. de Paz (CITREP),Asociación Víctimas Núcleo Santiago Pérez,haiver.rincon@camara.gov.co,621 - Edificio Nuevo del Congreso,+(57) (601) 8770720 Ext: 3669 - 3670,https://www.facebook.com/haiver.rincongutierrez/,https://twitter.com/HaiverRinconRC,,https://www.instagram.com/haiver.rincon/
Héctor David Chaparro Chaparro,Boyacá,Partido Liberal,hector.chaparro@camara.gov.co,613B - 614B - Edificio Nuevo del Congreso,+(57) (601) 8770720 Ext: 3652,https://www.facebook.com/hectordchaparroc/,https://twitter.com/hectordchaparro?lang=es,,https://www.instagram.com/hectordchaparro/
Héctor Mauricio Cuéllar Pinzón,Caquetá,Partido Conservador Colombiano,hector.cuellar@camara.gov.co,528 - 530 - Edificio Nuevo del Congreso,+(57) (601) 8770720 Ext: 3639 - 3638,https://www.facebook.com/MauricioCuellarC103?mibextid=LQQJ4d,,,https://instagram.com/mauricio_cuellarp?igshid=NzZlODBkYWE4Ng==
Heraclito Landinez Suárez,Bogotá,Coalición Pacto Histórico,heraclito.landinez@camara.gov.co,Piso 2 - Capitolio Nacional,+(57) (601) 8770720 Ext: 3174 - 3233,,,,
Hernán Darío Cadavid Márquez,Antioquia,Centro Democrático,hernan.cadavid@camara.gov.co,423B - Edificio Nuevo del Congreso,+(57) (601) 8770720 Ext: 3465,https://www.facebook.com/hernancadavidma?mibextid=LQQJ4d,https://twitter.com/hernancadavidma?s=21&t=qVHICuUmZoXurSDbVBEtTg,https://youtube.com/@hernancadavidma,https://instagram.com/hernancadavidma?igshid=MzRlODBiNWFlZA==
Jorge Méndez Hernández,San Andrés y Providencia,Cambio Radical,jorge.mendez@camara.gov.co,221B - 222B - Edificio Nuevo Congreso ,+(57) (601) 8770720 Ext: 3284 - 3285,,,,
Hernando Guida Ponce,Magdalena,Partido de la U,hernando.guida@camara.gov.co,330 - 331 - Edificio Nuevo del Congreso ,+(57) (601) 8770720 Ext: 3375 - 3377,,,,
Hernando González,Valle del Cauca,Cambio Radical,hernando.gonzalez@camara.gov.co,307B - 308B - Edificio Nuevo del Congreso,+(57) (601) 8770720 Ext: 3061 - 3062,https://www.facebook.com/hernandogonzalezcali,https://twitter.com/ProfeGonzalezH,,https://www.instagram.com/profegonzalezh/
Hugo Alfonso Archila Suárez,Casanare,Partido Liberal,hugo.archila@camara.gov.co,326B - 327B - Edificio Nuevo del Congreso,+(57) (601) 8770720 Ext: 3388 - 3389,https://www.facebook.com/HugoArchila2022/,https://twitter.com/hugoarchila2022,,https://www.instagram.com/hugo_archila_20/
Hugo Danilo Lozano Pimiento,Vaupés,Centro Democrático,hugo.lozano@camara.gov.co,517B - 518B - Edificio Nuevo del Congreso,+(57) (601) 8770720 Ext: 3497 - 3498,https://www.facebook.com/hlozanopimiento/?locale=es_LA,https://twitter.com/DaniloPimiento,,https://www.instagram.com/hudalpi/
Ingrid Johana Aguirre Juvinao,Magdalena,Movimiento Fuerza Ciudadana,ingrid.aguirre@camara.gov.co,324 - Edificio Nuevo del Congreso,+(57) (601) 8770720 Ext: 3820,https://www.facebook.com/ingridaguirre11?mibextid=LQQJ4d,https://x.com/ingridaguirre11?s=11&t=uGO1xq4XV0ULjwOge8aF2Q,,https://instagram.com/ingrid_aguirre12?igshid=MzRlODBiNWFlZA==
Ingrid Marlen Sogamoso Alfonso,Boyacá,Partido Conservador Colombiano,ingrid.sogamoso@camara.gov.co,402B - 403B - Edificio Nuevo del Congreso,+(57) (601) 8770720 Ext: 3421,https://www.facebook.com/SogamosoIngrid?mibextid=LQQJ4d,https://x.com/ingridsogamoso?s=21&t=zoJId7JtoOjLdLKT3xVLIQ,,https://instagram.com/ingridsogamoso?igshid=MzRlODBiNWFlZA==
Irma Luz Herrera Rodríguez,Bogotá,MIRA,irma.herrera@camara.gov.co,310 - 312 - Edificio Nuevo del Congreso ,+(57) (601) 8770720 Ext: 3501 - 3502,https://www.facebook.com/IrmaLuzHerrera?mibextid=LQQJ4d,https://twitter.com/irmalherrera?s=11&t=2dQ__y_7tF26aecPuVOX-Q,,https://www.instagram.com/irluzhero/?hl=es
Jaime Rodríguez Contreras,Meta,Cambio Radical,jaime.rodriguez@camara.gov.co,614 - 615 - Edificio Nuevo Congreso ,+(57) (601) 8770720 Ext: 3078 - 3079 - 3080,,,,
Jaime Raúl Salamanca Torres,Boyacá,Partido Alianza Verde,jaime.salamanca@camara.gov.co,Sótano - Capitolio Nacional,+(57) (601) 8770720 Ext: 3573 - 3774,https://www.facebook.com/JaimeRaulST,https://twitter.com/JaimeRaulSt,https://www.youtube.com/@J7912,
Jairo Reinaldo Cala Suárez,Santander,Partido Comunes,jairo.cala@camara.gov.co,643B - 706 - Edificio Nuevo del Congreso,+(57) (601) 8770720 Ext: 3832 - 3833,,,,
Jairo Humberto Cristo Correa,Norte de Santander,Cambio Radical,jairo.cristo@camara.gov.co,207B - Edificio Nuevo del Congreso ,(57+1) 3904050 ext: 3250 - 3251,,,,
James Hermenegildo Mosquera Torres,Circ. Trans. Esp. de Paz (CITREP),Consejo Comunitario Mayor de Novita (Cocoman),james.mosquera@camara.gov.co,501 - 501B - Edificio Nuevo del Congreso,+(57) (601) 8770720 Ext: 3472,https://www.facebook.com/profile.php?id=100083772753977&mibextid=LQQJ4d,https://twitter.com/jamesmosquerat/status/1625202668544094208?s=48&t=Io-QO2onw21ARFdrdfSFgA,,https://www.instagram.com/jamesmosquerat/?igshid=YmMyMTA2M2Y%3D
Javier Alexander Sánchez Reyes,Vichada,Cambio Radical,javier.sanchez@camara.gov.co,348B - Edificio Nuevo del Congreso,+(57) (601) 8770720 Ext: 4129 - 4130,https://www.facebook.com/people/Javier-S%C3%A1nchez/100076687687683/,https://twitter.com/javiersikuani,,
Jennifer Dalley Pedraza Sandoval,Bogotá,Coalición Centro Esperanza,jennifer.pedraza@camara.gov.co,611 - Edificio Nuevo del Congreso,+(57) (601) 8770720 Ext: 3838 - 3839,,,,
Jezmi Lizeth Barraza Arraut,Atlántico,Partido Liberal,jezmi.barraza@camara.gov.co,515 - 516 - Edificio Nuevo del Congreso ,+(57) (601) 8770720 Ext: 3506 - 3510,https://www.facebook.com/jezmibarraza107,https://x.com/JezBarraza?s=20,https://youtube.com/@jezmibarraza4563?si=fsb4RxMRj8AhafBb,https://www.instagram.com/jezmibarraza?utm_source=ig_web_button_share_sheet&igsh=ZDNlZDc0MzIxNw==
Jhoany Carlos Alberto Palacios Mosquera,Chocó,Partido Liberal,jhoany.palacios@camara.gov.co,508 - 511 - Edificio Nuevo del Congreso,+(57) (601) 8770720 Ext: 3486,https://www.facebook.com/hoyesdomingo13?mibextid=LQQJ4d,,,https://instagram.com/jhoany_palaciosm?igshid=OGQ5ZDc2ODk2ZA==
Jhon Fredy Núñez Ramos,Circ. Trans. Esp. de Paz (CITREP),Fundación Igualdad social,jhon.nunez@camara.gov.co,439B - Edificio Nuevo del Congreso,+(57) (601) 8770720 Ext: 3492 - 3493,,,,
Jhon Fredi Valencia Caicedo,Circ. Trans. Esp. de Paz (CITREP),Consejo Comunitario los Andes,jhon.valencia@camara.gov.co,543B - Edificio Nuevo del Congreso,+(57) (601) 8770720 Ext: 3102,https://www.facebook.com/JhonFrediValenciaOficial,https://twitter.com/JhonFrediValenc?t=QxmBVDGkAobFXJGPd4EYrQ&s=09,,https://www.instagram.com/jhon_fredi_valencia/?igshid=YmMyMTA2M2Y%3D
Jhon Jairo Berrio López,Antioquia,Centro Democrático,jhon.berrio@camara.gov.co,403 - Edificio Nuevo del Congreso  ,+(57) (601) 8770720 Ext: 3649 - 3650,https://www.facebook.com/JJBerrioL?mibextid=LQQJ4d,https://x.com/jberriolopez?s=21,,https://instagram.com/jhonjairoberriolopez?igshid=MzRlODBiNWFlZA==
John Jairo González Agudelo,Circ. Trans. Esp. de Paz (CITREP),Asociación de Desplazados del Municipio de Briceño,john.gonzalez@camara.gov.co,417 - 418 - Edificio Nuevo del Congreso,+(57) (601) 8770720 Ext: 3452 - 3453,https://www.facebook.com/jhonjairo.gonzalezagudelo/,https://twitter.com/jhhojar?lang=es,,https://www.instagram.com/johnjairogonzalez1/
John Edgar Pérez Rojas,Quindío,Cambio Radical,john.perez@camara.gov.co,538B - 539B - Edificio Nuevo del Congreso,+(57) (601) 8770720 Ext: 3595 - 4132,,,,
Jorge Hernán Bastidas Rosero,Cauca,Coalición Pacto Histórico,jorge.bastidas@camara.gov.co,701B - Edificio Nuevo del Congreso,+(57) (601) 8770720 Ext: 3724 - 3725,https://www.facebook.com/JorgeBastidasRosero,https://twitter.com/Jorge_BastidasR,https://www.youtube.com/@jorgebastidasr1,https://www.instagram.com/jorgebastidasr/
Jorge Andrés Cancimance López,Putumayo,Coalición Pacto Histórico,andres.cancimance@camara.gov.co,649B - Edificio Nuevo del Congreso,+(57) (601) 8770720 Ext: 4096 - 4097,,,,
Jorge Alberto Cerchiaro Figueroa,La Guajira,Partido Colombia Renaciente,jorge.cerchiaro@camara.gov.co,Piso 3 - 305 - Capitolio Nacional,(57) (601) 3904050 Ext: 5346 - 5495,https://www.facebook.com/JorgeCercharOficial?mibextid=LQQJ4d,https://twitter.com/jorgecercharf?s=21&t=hZtst3KLV-5kP1GcIHkJOA,,https://instagram.com/jorgecercharf?igshid=YmMyMTA2M2Y=
Jorge Alejandro Ocampo Giraldo,Valle del Cauca,Coalición Pacto Histórico,jorge.ocampo@camara.gov.co,Piso 3 - Capitolio Nacional,+(57) (601) 8770720 Ext: 5301 - 5302,https://www.facebook.com/AlejoOcampoGiraldo?mibextid=ZbWKwL,https://twitter.com/alejoocampog,,https://instagram.com/alejoocampog?igshid=YmMyMTA2M2Y=
Jorge Alexander Quevedo Herrera,Guaviare,Partido Conservador Colombiano,jorge.quevedo@camara.gov.co,317 - 318 - Edificio Nuevo del Congreso,+(57) (601) 8770720 Ext: 3513 - 3517,,,,
Jorge Eliécer Tamayo Marulanda,Valle del Cauca,Partido de la U,jorge.tamayo@camara.gov.co,415B - 416B - Edificio Nuevo del Congreso,+(57) (601) 8770720 Ext: 4477 - 4479,https://www.facebook.com/RepJorgeTamayo?mibextid=ZbWKwL,https://twitter.com/JorgeTamayoU,,https://www.instagram.com/jorgetamayou/?hl=es-la
Jorge Rodrigo Tovar Vélez,Circ. Trans. Esp. de Paz (CITREP),Asociación Paz es vida (Pa-Vida),jorge.tovar@camara.gov.co,430B - 431B - Edificio Nuevo del Congreso,+(57) (601) 8770720 Ext: 3475 - 3476,https://www.facebook.com/jorgerodrigotovar?mibextid=LQQJ4d,https://twitter.com/jorgerodrigotv?s=11&t=hl4zXT5On6XkyVZM17wGXw,,https://instagram.com/jorgerodrigotv?igshid=YmMyMTA2M2Y=
José Octavio Cardona León,Caldas,Partido Liberal,jose.cardona@camara.gov.co,521B - 522B - Edificio Nuevo del Congreso,+(57) (601) 8770720 Ext: 3722 - 3723,https://www.facebook.com/OctavioCardonaLeon?mibextid=LQQJ4d,https://twitter.com/jcardonaleon?s=21&t=WD6j1HL51MUeENQiMIy3CQ,,https://instagram.com/octaviocardonal?igshid=YmMyMTA2M2Y=
José Alejandro Martínez Sánchez,Tolima,Partido Conservador Colombiano,alejandro.martinez@camara.gov.co,434B - 436B - Edificio Nuevo del Congreso,+(57) (601) 8770720 Ext: 3485 - 3331,https://es-la.facebook.com/alejandromartinez.tol/,,,
José Eliécer Salazar López,Cesar,Partido de la U,jose.salazar@camara.gov.co,603B - 604B - Edificio Nuevo Congreso ,+(57) (601) 8770720 Ext: 3632 - 3636,,,,https://instagram.com/eliecersalazaroficial?igshid=OGQ5ZDc2ODk2ZA==
José Jaime Uscátegui Pastrana,Bogotá,Centro Democrático,jose.uscategui@camara.gov.co,Piso 3 - Capitolio Nacional ,+(57) (601) 8770720 Ext: 5308 - 5310,https://www.facebook.com/jjuscategui?mibextid=LQQJ4d,https://twitter.com/jjuscategui?s=21&t=U39Klzk1IuuSWl_glPv7kA,,https://instagram.com/jjuscategui?igshid=YmMyMTA2M2Y=
Juan Manuel Cortés Dueñas,Santander,Ninguno,juan.cortes@camara.gov.co,Piso 1 - Capitolio Nacional,+(57) (601) 8770720 Ext: 3050 - 3051,https://www.facebook.com/juanmanuelcortesd?mibextid=LQQJ4d,https://twitter.com/juanmcortesd?lang=es,,https://instagram.com/juanmanuelcortesd?igshid=YmMyMTA2M2Y=
Juan Felipe Corzo Álvarez,Norte de Santander,Centro Democrático,juan.corzo@camara.gov.co,510B - 512B - Edificio Nuevo del Congreso,+(57) (601) 8770720 Ext: 3823,https://www.facebook.com/SoyPipeCorzo?mibextid=ZbWKwL,https://twitter.com/juanfelipecorzo?t=tqcuW-8plaR4UJIFo3Ev4Q&s=09,,https://instagram.com/juanfelipecorzoalvarez?igshid=YmMyMTA2M2Y=
Juan Fernando Espinal Ramírez,Antioquia,Centro Democrático,juan.espinal@camara.gov.co,535 - Edificio Nuevo del Congreso ,+(57) (601) 8770720 Ext: 5335 - 5393 - 5432 - 5229,https://www.facebook.com/JuanEspinalR/,,https://youtube.com/channel/UC7mbJY5GHrH5Jv0hV1zvKuA,https://instagram.com/juan_espinalr?utm_medium=copy_link
Juan Sebastián Gómez Gonzáles,Caldas,Partido Nuevo Liberalismo,juan.gomez@camara.gov.co,314B - 321B - Edificio Nuevo del Congreso,+(57) (601) 8770720 Ext: 3482,,https://twitter.com/jua11se?s=11&t=S-rjtwMGUcy1_6aXTaDCXQ,,https://instagram.com/jua11se?igshid=MzRlODBiNWFlZA==
Juan Loreto Gómez Soto,La Guajira,Partido Conservador Colombiano,juanl.gomez@camara.gov.co,Mezanine Sur 102 - Edificio Nuevo del Congreso,+(57) (601) 8770720 Ext: 4467 - 4468,,,,
Juan Camilo Londoño Barrera,Antioquia,Partido Alianza Verde,juan.londono@camara.gov.co,623B - Edificio Nuevo del Congreso,+(57) (601) 8770720 Ext: 3614 - 3615,https://www.facebook.com/CamiloLondonoB?mibextid=LQQJ4d,https://twitter.com/camilolondono13?s=21&t=YGQoLqyvETG3mgsmOyPlQg,,https://instagram.com/camilolondono13?igshid=YmMyMTA2M2Y=
Juan Carlos Lozada Vargas,Bogotá,Partido Liberal,juan.lozada@camara.gov.co,Piso 2 - Capitolio Nacional,+(57) (601) 8770720 Ext:: 5273,,,,
Juan Carlos Vargas Soler,Circ. Trans. Esp. de Paz (CITREP),Asociación de Productores de Cacao (Aprocasur),juan.vargas@camara.gov.co,213B - 214B - Edificio Nuevo del Congreso,+(57) (601) 8770720 Ext: 3260 - 3261,,,,
Juan Carlos Wills Ospina,Bogotá,Partido Conservador Colombiano,juan.wills@camara.gov.co,Piso 1 - Capitolio Nacional,+(57) (601) 8770720 Ext: 5352 - 5399,https://www.facebook.com/JuanCWills,https://twitter.com/juanchowills,https://www.youtube.com/@juancarloswillsospina7397,https://www.instagram.com/juanchowills
Juan Daniel Peñuela Calvache,Nariño,Partido Conservador Colombiano,juan.penuela@camara.gov.co,315B - 316B - Edificio Nuevo del Congreso,+(57) (601) 8770720 Ext: 3347 - 3348,,,,
Juan Pablo Salazar Rivera,Circ. Trans. Esp. de Paz (CITREP),ASOINTEC,juan.salazar@camara.gov.co,424B - Edificio Nuevo del Congreso,+(57) (601) 8770720 Ext: 4163,https://www.facebook.com/juanpabloszar/,https://twitter.com/juanpablorepre,,https://www.instagram.com/juanpablorepre/?igshid=MzMyNGUyNmU2YQ%3D%3D
Juana Carolina Londoño Jaramillo,Caldas,Partido Conservador Colombiano,juana.londono@camara.gov.co,Mezanine Sur Of 104 - Edificio Nuevo del Congreso,+(57) (601) 8770720 Ext: 5090 - 5091,,,,
Julia Miranda Londoño,Bogotá,Partido Nuevo Liberalismo,julia.miranda@camara.gov.co,417B - 418B - Edificio Nuevo del Congreso,+(57) (601) 8770720 Ext: 3642 - 3645,https://www.facebook.com/JuliaMirandaLondono,https://twitter.com/JuliaMirandaLo,,https://www.instagram.com/juliamirandalondono/
Julián David López Tenorio,Valle del Cauca,Partido de la U,julian.lopez@camara.gov.co,343B - 344B - Edificio Nuevo del Congreso,+(57) (601) 8770720 Ext: 4303 - 4309,https://www.facebook.com/julianlopezte?mibextid=LQQJ4d,https://twitter.com/julianlopezte?lang=es,,https://www.instagram.com/julianlopezte/?hl=es
Julián Peinado Ramírez,Antioquia,Partido Liberal,julian.peinado@camara.gov.co,607 - 608 - Edificio Nuevo del Congreso ,+(57) (601) 8770720 Ext: 3640 - 3644,,,,
Juliana Aray Franco,Bolívar,Partido Conservador Colombiano,juliana.aray@camara.gov.co,209 - 210 - Edificio Nuevo del Congreso,+(57) (601) 8770720 Ext: 3290 - 3294,https://www.facebook.com/julianaarayfranco/,https://twitter.com/juliana_aray?lang=en,,https://www.instagram.com/julianaarayfranco/?hl=en
Julio César Triana Quintero,Huila,Cambio Radical,julio.triana@camara.gov.co,Sótano - Capitolio Nacional,+(57) (601) 8770720 Ext: 5152 - 5173,https://www.facebook.com/TrianaCongreso,https://twitter.com/trianacongreso?lang=gu,,https://www.instagram.com/trianacongreso/?hl=es-la
Julio Roberto Salazar Pérdomo,Cundinamarca,Partido Conservador Colombiano,julio.salazar@camara.gov.co,531 - 532 - Edificio Nuevo del Congreso,+(57) (601) 8770720 Ext: 3585,https://www.facebook.com/JulioRobertoSalazarP,https://twitter.com/JRobertoSalazar,,https://www.instagram.com/jrobertosalazarp
Karen Juliana López Salazar,Circ. Trans. Esp. de Paz (CITREP),Yo soy Urabá,karen.lopez@camara.gov.co,631 - Edificio Nuevo del Congreso,+(57) (601) 8770720 Ext: 3605,https://www.facebook.com/KarenJLopezS/,https://twitter.com/KarenJLopezS,,https://www.instagram.com/karenlopez.citrep16/
Karen Astrith Manrique Olarte,Circ. Trans. Esp. de Paz (CITREP),Asociación de Víctimas Intercultural y Regional,karen.manrique@camara.gov.co,619 - Edificio Nuevo del Congreso,+(57) (601) 8770720 Ext: 3611 - 3113,,,,
Karyme Adrana Cotes Martínez,Sucre,Partido Liberal,karyme.cotes@camara.gov.co,319B - 320B - Edificio Nuevo del Congreso,+(57) (601) 8770720 Ext: 3171 - 3172,https://www.facebook.com/KarymeCotes?mibextid=9R9pXO,https://twitter.com/coteskaryme,,https://instagram.com/karymecotes?igshid=MzRlODBiNWFlZA==
Kelyn Johana González Duarte,Magdalena,Partido Liberal,kelyn.gonzalez@camara.gov.co,Mezanine Sur 105 - Edificio Nuevo Congreso,+(57) (601) 8770720 Ext: 3113 - 3773,,,,
Leider Alexandra Vásquez Ochoa,Cundinamarca,Coalición Pacto Histórico,leider.vasquez@camara.gov.co,509 - 510 - Edificio Nuevo del Congreso,+(57) (601) 8770720 Ext: 3528 - 3529,,,,
Leonardo de Jesús Gallego Arroyave,Valle del Cauca,Partido Liberal,leonardo.gallego@camara.gov.co,Piso 2 - Capitolio Nacional,(57) (601) 3904050 Ext: 5322,https://www.facebook.com/leonardo.gallego.16,https://twitter.com/GallegoArroyave?ref_src=twsrc%5Egoogle%7Ctwcamp%5Eserp%7Ctwgr%5Eauthor,,https://www.instagram.com/lgarroyave/?igshid=YmMyMTA2M2Y%3D
Leonor María Palencia Vega,Circ. Trans. Esp. de Paz (CITREP),Asociación Agropecuaria de Mujeres Víctimas de Jericó,leonor.palencia@camara.gov.co,333B - Edificio Nuevo del Congreso,+(57) (601) 8770720 Ext: 3383,https://www.facebook.com/leonorpalenciav?mibextid=LQQJ4d,https://twitter.com/leonorpalenciav?s=21&t=yafYsUcPGpK-9pbHcEE6kg,,https://instagram.com/leonorpalenciav?igshid=MzRlODBiNWFlZA==
Leyla Marleny Rincón Trujillo,Huila,Coalición Pacto Histórico,leyla.rincon@camara.gov.co,Mezanine Norte Of 104 - Edificio Nuevo del Congreso ,+(57) (601) 8770720 Ext: 3428,,,,
Lina María Garrido Martín,Arauca,Cambio Radical,lina.garrido@camara.gov.co,Sotano Norte Of 1 - Edificio Nuevo del Congreso,+(57) (601) 8770720 Ext: 3426,https://www.facebook.com/Linamariagarridooficial/,https://twitter.com/linamariagarri1,,https://www.instagram.com/linamariagarridooficial/?hl=es
Libardo Cruz Casado,Cesar,Partido Conservador Colombiano,libardo.cruz@camara.gov.co,Piso 3 Of 302 - Capitolio Nacional,+(57) (601) 8770720 Ext: 3303 - 3320,https://www.facebook.com/LibardoCruzCasado/,https://twitter.com/LibardoCruzC,,https://www.instagram.com/libardocruzc/?hl=es
Luis Alberto Albán Urbano,Valle del Cauca,Partido Comunes,luis.alban@camara.gov.co,208B  - Edificio Nuevo del Congreso ,+(57) (601) 8770720 Ext: 3830 - 3831,https://www.facebook.com/AlbanComunes,https://twitter.com/AlbanComunes,,https://www.instagram.com/AlbanComunes/
Luis Eduardo Díaz Mateus,Santander,Partido Conservador Colombiano,luise.diaz@camara.gov.co,346B - 347B - Edificio Nuevo del Congreso,+(57) (601) 8770720 Ext: 4307 - 4308,,,,
Luis Miguel López Aristizábal,Antioquia,Partido Conservador Colombiano,luis.lopez@camara.gov.co,615B - 616B - Edificio Nuevo del Congreso,+(57) (601) 8770720 Ext: 3655 - 3657,,,,
Luis Carlos Ochoa Tobón,Antioquia,Partido Liberal,luisc.ochoa@camara.gov.co,612 - 613 - Edificio Nuevo del Congreso,+(57) (601) 8770720 Ext: 3073 - 3074,https://www.facebook.com/LOchoaTobon?mibextid=LQQJ4d,https://twitter.com/lochoatobon?s=21&t=POndB-0M0hnhuLTFjH0RNw,,https://www.instagram.com/luiscarlosochoatobon/?igshid=NTc4MTIwNjQ2YQ%3D%3D
Luis Ramiro Ricardo Buelvas,Circ. Trans. Esp. de Paz (CITREP),Corporación Narrar Para Vivir,luis.ricardo@camara.gov.co,421B - 422B - Edificio Nuevo del Congreso,+(57) (601) 8770720 Ext: 3461 - 3462,https://www.facebook.com/luisramiro.ricardo?mibextid=2JQ9oc,https://x.com/luisramirorb?s=21&t=2_ufemHRvv-_DJgv2IThbQ,,https://instagram.com/luisramiroricardo?igshid=NzZlODBkYWE4Ng==
Luis David Súarez Chadid,Sucre,Partido Conservador Colombiano,luis.suarez@camara.gov.co,534B - 536B - Edificio Nuevo del Congreso,+(57) (601) 8770720 Ext: 3589 - 5396,https://www.facebook.com/profile.php?id=100076210403259,https://twitter.com/luisdavid1510,,https://www.instagram.com/luchosuarezchadid/?hl=es
Luvi Katherine Miranda Peña,Bogotá,Partido Alianza Verde,katherine.miranda@camara.gov.co,Piso 1 - Capitolio Nacional,+(57) (601) 8770720 Ext: 3071,https://www.facebook.com/mirandabogota,https://twitter.com/MirandaBogota,,https://www.instagram.com/mirandabogota/?hl=es-la
Luz Ayda Pastrana Loaiza,Huila,Cambio Radical,luz.pastrana@camara.gov.co,616 - Edificio Nuevo del Congreso,+(57) (601) 8770720 Ext: 3511 - 3512,https://www.facebook.com/luzaydapastrana?mibextid=ZbWKwL,https://x.com/luzpastrana?t=BynjqwkNP3xkW6Up09900g&s=09,,https://www.instagram.com/luzpastrana?igsh=MWY1N2J3YjZrbnoxYg==
Marelen Castillo Torres,"C.P. Art. 112, A.L. 02 de 2015 Art. 1 y Est. de Oposición Ley, 1909 de 2018 Art. 24",Ninguno,marelen.castillo@camara.gov.co,Sótano - Capitolio Nacional,+(57) (601) 8770720 Ext: 3054 - 3055,https://www.facebook.com/profile.php?id=100079741782967,https://twitter.com/CastilloMarelen,,https://www.instagram.com/dramarelencastillo/?hl=es-la
María Fernanda Carrascal Rojas,Bogotá,Coalición Pacto Histórico,maria.carrascal@camara.gov.co,628 - 630 - Edificio Nuevo del Congreso,+(57) (601) 8770720 Ext: 4044,https://www.facebook.com/MafeCarrascalR,https://twitter.com/MafeCarrascal,,https://www.instagram.com/mafecarrascalr/?hl=es
María Eugenia Lopera Monsalve,Antioquia,Partido Liberal,maria.lopera@camara.gov.co,535B - Edificio Nuevo del Congreso,+(57) (601) 8770720 Ext: 3401,https://www.facebook.com/MariaEugeniaLoperaM/,,,
María del Mar Pizarro García,Bogotá,Coalición Pacto Histórico,mariam.pizarro@camara.gov.co,528B - 529B - Edificio Nuevo del Congreso,+(57) (601) 8770720 Ext: 3425,https://www.facebook.com/MarPizarroG,https://twitter.com/delmarpizarro,https://www.youtube.com/@marpizarro6634,https://www.instagram.com/mariadelmarpizarro/?hl=es
Martha Lisbeth Alfonso Jurado,Tolima,Partido Alianza Verde,martha.alfonso@camara.gov.co,632 - Edificio Nuevo del Congreso,+(57) (601) 8770720 Ext: 3607 - 5160,https://www.facebook.com/MarthaAlfonsoJ?mibextid=ZbWKwL,https://x.com/MarthaAlfonsoJ?t=qGK7BRNtFLbF2WKU3Z4J5g&s=09,,https://instagram.com/marthaalfonsoj?igshid=MTk0NTkyODZkYg==
Mary Anne Andrea Perdomo,Santander,Coalición Pacto Histórico,mary.perdomo@camara.gov.co,605B - 606B - Edificio Nuevo del Congreso,+(57) (601) 8770720 Ext: 3576 - 5362,https://www.facebook.com/profile.php?id=100085682538312&mibextid=ZbWKwL,https://x.com/MaryannePHC?t=RZ9OTppfKVfnagqj3PBSnA&s=09,,https://instagram.com/maryanne.camara?igshid=MTNiYzNiMzkwZA==
Mauricio Parodi Díaz,Antioquia,Cambio Radical,mauricio.parodi@camara.gov.co,424 - 425 - Edificio Nuevo del Congreso ,+(57) (601) 8770720 Ext: 3460 - 3466,,,,
Miguel Abraham Polo Polo,"Circ. Esp. Com. Afro, Raizales y Palenqueras",Consejo Comunitario Fernando Rios Hidalgo,miguel.polo@camara.gov.co,328 - Edificio Nuevo del Congreso,+(57) (601) 8770720 Ext: 4301 - 4311,https://www.facebook.com/MiguelAbrahamPOLOPOLO?mibextid=LQQJ4d,https://twitter.com/MiguelPoloP,,https://www.instagram.com/miguelpolopolo/?hl=es-la
Milene Jarava Díaz,Sucre,Partido de la U,milene.jarava@camara.gov.co,406B - 407B - Edificio Nuevo del Congreso ,+(57) (601) 8770720 Ext: 3621 - 3060,,,,
Modesto Enrique Aguilera Vides,Atlántico,Cambio Radical,modesto.aguilera@camara.gov.co,427 - 429 - Edificio Nuevo del Congreso ,+(57) (601) 8770720 Ext: 3812 - 3813,https://www.facebook.com/ModestoAguileraVides?mibextid=LQQJ4d,https://twitter.com/aguileramodesto?s=21&t=HxCbQ64RxGAQ_a4XyiwAUw,,https://instagram.com/modestoaguilera?igshid=OGQ5ZDc2ODk2ZA==
Mónica Karina Bocanegra Pantoja,Amazonas,Partido Liberal,monica.bocanegra@camara.gov.co,401 - 402 - Edificio Nuevo del Congreso,+(57) (601) 8770720 Ext: 3416,https://www.facebook.com/profile.php?id=100063623123587,https://twitter.com/MnicaKarin27207?t=kBmQGE2zKeKHYGbQ1lh_ag&s=09,,https://instagram.com/karinabocanegrap?igshid=OGQ5ZDc2ODk2ZA==
Nestor Leonardo Rico Rico,Cundinamarca,Cambio Radical,nestor.rico@camara.gov.co,Piso 3 - Capitolio Nacional ,+(57) (601) 8770720 Ext: 5348 - 5349,,,,
Nicolás Antonio Barguil Cubillos,Córdoba,Partido Conservador Colombiano,nicolas.barguil@camara.gov.co,304 - 305 - Edificio Nuevo del Congreso,+(57) (601) 8770720 Ext: 3818 - 3819,https://www.facebook.com/nicolas.barguil?mibextid=LQQJ4d,https://x.com/nicolasbarguil?s=21,,https://instagram.com/nicolasbarguil?igshid=MzRlODBiNWFlZA==
Norman David Bañol Álvarez,Circ. Esp. Indígenas,Movimiento Alternativo Indígena y Social,norman.banol@camara.gov.co,513B - 514B - Edificio Nuevo del Congreso,+(57) (601) 8770720 Ext: 3549,,,,
Olga Beatriz González Correa,Tolima,Partido Liberal,olga.gonzalez@camara.gov.co,219B - 220B - Edificio Nuevo del Congreso,+(57) (601) 8770720 Ext: 3278 - 3279,https://www.facebook.com/OlgaBGonzalezC?mibextid=LQQJ4d,https://twitter.com/OlgaBGonzalezC,,https://www.instagram.com/olgabgonzalezc/
Olga Lucia Velásquez Nieto,Bogotá,Partido Alianza Verde,olga.velasquez@camara.gov.co,440B - 442B - Edificio Nuevo del Congreso,+(57) (601) 8770720 Ext: 3494 - 3495,,,,
Olmes de Jesús Echeverría de la Rosa,Magdalena,Centro Democrático,olmes.echeverria@camara.gov.co,335B - Edificio Nuevo del Congreso,+(57) (601) 8770720 Ext: 4424 - 4425,https://www.facebook.com/holmes.echeverria.1?mibextid=LQQJ4d,https://twitter.com/holmesedr20?s=11&t=ztCXGh1nFr6R5Dsmgvvxmg,,https://instagram.com/holmesecheverria?igshid=NzAzN2Q1NTE=
Orlando Castillo Advincula,Circ. Trans. Esp. de Paz (CITREP),Consejo Comunitario del Río Naya,orlando.castillo@camara.gov.co,633 - Edificio Nuevo del Congreso,+(57) (601) 8770720 Ext: 3620 - 3782,https://www.facebook.com/tuvozesmicompromiso/,https://twitter.com/orlandocasti,,https://www.instagram.com/orlandocasti19771/?hl=es
Oscar Rodrigo Campo Hurtado,Cauca,Cambio Radical,oscar.campo@camara.gov.co,601B - 602B - Edificio Nuevo del Congreso,+(57) (601) 8770720 Ext: 3666 - 3667,https://www.facebook.com/oscarcampocauca/,https://twitter.com/1oscarcampo?lang=es,,https://www.instagram.com/oscarcampoh/
Óscar Darío Pérez Pineda,Antioquia,Centro Democrático,oscar.perez@camara.gov.co,601 - 602 - Edificio Nuevo del Congreso,+(57) (601) 8770720 Ext: 3628 - 3631   ,https://www.facebook.com/oscar.perezpineda,,,
Oscar Hernán Sánchez León,Cundinamarca,Partido Liberal,oscar.sanchez@camara.gov.co,Mezanine Sur Of 103 - Edificio Nuevo del Congreso,+(57) (601) 8770720 Ext: 3153,https://www.facebook.com/Oscar-S%C3%A1nchez-Le%C3%B3n-Su-Voz-125425214733699/,https://twitter.com/@16oscarsanchez,,
Oscar Leonardo Villamizar Meneses,Santander,Centro Democrático,oscar.villamizar@camara.gov.co,Piso 3 - Capitolio Nacional,+(57) (601) 8770720 Ext: 5337 - 5361,https://www.facebook.com/OscarVillamiz,https://twitter.com/OscarVillamiz?t=d6o-j3nBP0dkTOUZxZWCgw&s=08,https://www.youtube.com/channel/UC667hbE4UfFJVVSFOILx1kw,https://instagram.com/oscarvillamiz?igshid=YmMyMTA2M2Y=
Pedro Baracutao García Ospina,Antioquia,Partido Comunes,pedro.garcia@camara.gov.co,341B - Edificio Nuevo del Congreso,+(57) (601) 8770720 Ext: 4402 - 4403,,,,
Pedro José Súarez Vacca,Boyacá,Coalición Pacto Histórico,pedro.suarez@camara.gov.co,330B - 331B - Edificio Nuevo del Congreso,+(57) (601) 8770720 Ext: 3291 - 3292,https://www.facebook.com/suarezvacca/,https://twitter.com/suarezvacca,,https://www.instagram.com/suarezvacca/?hl=es-la
Piedad Correal Rubiano,Quindío,Partido Liberal,piedad.correal@camara.gov.co,225B - 226B - Edificio Nuevo del Congreso,+(57) (601) 8770720 Ext: 4206 - 4207,https://www.facebook.com/CorrealRPiedad/,https://twitter.com/piedadcorrealru?lang=es,,https://www.instagram.com/piedadcorrealrepresentante/
Ruth Amelia Caycedo Rosero,Nariño,Partido Conservador Colombiano,ruth.caycedo@camara.gov.co,306 - 307 - Edificio Nuevo del Congreso ,+(57) (601) 8770720 Ext: 4486 - 4487,,,,https://instagram.com/ruthcdeenriquez?igshid=YmMyMTA2M2Y=
Sandra Bibiana Aristizábal Saleg,Quindío,Partido Liberal,sandra.aristizabal@camara.gov.co,Mezanine Norte Of 101 - Edificio Nuevo del Congreso,+(57) (601) 8770720 Ext: 3791 - 3808,https://www.facebook.com/Sandraaristizabalsa,https://twitter.com/sandraaristis?s=11&t=nd6aFu-GFiftDC_J7d5D9Q,,https://www.instagram.com/sandraaristizabals/?igshid=YmMyMTA2M2Y%3D
Sandra Milena Ramírez Caviedes,Magdalena,Cambio Radical,sandra.ramirez@camara.gov.co,437B - 438B - Edificio Nuevo del Congreso,+(57) (601) 8770720 Ext: 3490 - 3491,,https://twitter.com/HRSandraRamirez,,
Santiago Osorio Marín,Caldas,Partido Alianza Verde,santiago.osoriom@camara.gov.co,349B - Edificio Nuevo del Congreso,+(57) (601) 8770720 Ext: 3816,,,,
Saray Elena Robayo Bechara,Córdoba,Partido de la U,saray.robayo@camara.gov.co,625 - 626 - Edificio Nuevo del Congreso,+(57) (601) 8770720 Ext: 3616 - 3619,https://www.facebook.com/SarayRBechara/?locale=es_LA,https://twitter.com/sarayrbechara,,https://www.instagram.com/sarayrobayobech/?hl=es
Silvio José Carrasquilla Torres,Bolívar,Partido Liberal,silvio.carrasquilla@camara.gov.co,Mezanine Norte Of 4 Edificio Nuevo del Congreso,+(57) (601) 8770720 Ext: 3146 - 3147,,,,
Susana Gómez Castaño,Antioquia,Coalición Pacto Histórico,susana.gomez@camara.gov.co,209B - 210B - Edificio Nuevo del Congreso,+(57) (601) 8770720 Ext: 3590 - 3591,,,,
Teresa De Jesús Enríquez Rosero,Nariño,Partido de la U,teresa.enriquez@camara.gov.co,624B - Edificio Nuevo del Congreso ,+(57) (601) 8770720 Ext: 3307 - 4489,https://www.facebook.com/teresaenriquezrosero?mibextid=ibOpuV,,,
Víctor Manuel Salcedo Guerrero,Valle del Cauca,Partido de la U,victor.salcedo@camara.gov.co,421 - 422 - Edificio Nuevo del Congreso,+(57) (601) 8770720 Ext: 3577 - 3578,,https://x.com/victormsalcedog?s=11&t=ScwJxWXYqcO4tBJfAR8l6A,,https://instagram.com/victormanuelsalcedo111?igshid=MzRlODBiNWFlZA==
Wadith Alberto Manzur Imbett,Córdoba,Partido Conservador Colombiano,wadith.manzur@camara.gov.co,540B - 541B - Edificio Nuevo del Congreso ,+(57) (601) 8770720 Ext: 3598 - 4026,https://www.facebook.com/WadithManzur,https://x.com/wmanzur?t=LpbBJ82X9dNOIKdduvA6yw&s=09,,https://www.instagram.com/wmanzur/
Wilder Iberson Escobar Ortiz,Caldas,Grupo Significativo de Ciudadanos Gente en Movimiento,wilder.escobar@camara.gov.co,233B - 234B - Edificio Nuevo del Congreso,+(57) (601) 8770720 Ext: 3515 - 3430,https://www.facebook.com/WilderEscobarO,https://twitter.com/WilderEscobarO,,https://www.instagram.com/wilderescobaro/
William Ferney Aljure Martínez,Circ. Trans. Esp. de Paz (CITREP),Asocamproariari,willian.aljure@camara.gov.co,622 - Edificio Nuevo del Congreso,+(57) (601) 8770720 Ext: 3774 - 3775,https://www.facebook.com/Willianaljureillian,https://twitter.com/willianaljure,https://youtube.com/channel/UCGrSIzARLt82nG_96rGv_VA,https://instagram.com/willianaljure
Wilmer Ramiro Carrillo Mendoza,Norte de Santander,Partido de la U,wilmer.carrillo@camara.gov.co,Piso 1 - Capitolio Nacional,+(57) (601) 8770720 Ext: 5180 - 5181 ,https://www.facebook.com/wcarrillo101/,https://twitter.com/Wcarrillo101,,
Wilmer Yair Castellanos Hernández,Boyacá,Partido Alianza Verde,wilmer.castellanos@camara.gov.co,325 -326 - Edificio Nuevo del Congreso,+(57) (601) 8770720 Ext: 3178 - 3415,https://www.facebook.com/WilmerCastellanosH,https://twitter.com/ingwilmerc?s=21&t=c_MdvhWt0cM5oVgMz4lVuA,,https://instagram.com/ingwilmercastellanos?igshid=MDE2OWE1N2Q=
Wilmer Yesid Guerrero Avendaño,Norte de Santander,Partido Liberal,wilmer.guerrero@camara.gov.co,Piso 2 - Capitolio Nacional,+(57) (601) 8770720 Ext: 3289 - 3412,https://www.facebook.com/WilmerGuerreroA,https://twitter.com/wilmergcamara,https://www.youtube.com/@WilmerGuerreroCongresista,https://www.instagram.com/wilmergcamara/
Yenica Sugein Acosta Infante,Amazonas,Centro Democrático,yenica.acosta@camara.gov.co,404B - 405B - Edificio Nuevo del Congreso ,+(57) (601) 8770720 Ext: 4312,,,,
Yulieth Andrea Sánchez Carreño,Antioquia,Centro Democrático,yulieth.sanchez@camara.gov.co,226B - 228B - Edificio Nuevo del Congreso,+(57) (601) 8770720 Ext: 3410,,,,
Abel David Jaramillo Largo,Circ. Esp. Indígenas,Movimiento Alternativo Indígena y Social,,,,,,,
Ana Paola Agudelo García,Ciudadanos en el exterior,MIRA,,,,,,,
Angélica Lisbeth Lozano Correa,Bogotá,Partido Alianza Verde,,,,,,,
Atilano Alonso Giraldo Arboleda,Quindío,Cambio Radical,,,,,,,
Carlos Germán Navas Talero,Bogotá,Polo Democrático Alternativo,,,,,,,
Carlos Mario Farelo Daza,Magdalena,Cambio Radical,,,,,,,
Ciro Alejandro Ramírez Cortés,Boyacá,Centro Democrático,,,,,,,
César Augusto Pachón Achury,Boyacá,Movimiento Alternativo Indígena y Social,,,,,,,
Diela Liliana Benavides Solarte,Nariño,Partido Conservador Colombiano,,,,,,,
Enrique Cabrales Baquero,Bogotá,Centro Democrático,,,,,,,
Esteban Quintero Cardona,Antioquia,Centro Democrático,,,,,,,
Fabián Díaz Plata,Santander,Coalicion Alternativa Santandereana,,,,,,,
Germán Alcides Blanco Álvarez,Antioquia,Partido Conservador Colombiano,,,,,,,
Jorge Dilson Murcia Olaya,Huila,Cambio Radical,,,,,,,
José Alberto Tejada Echeverry,Valle del Cauca,Coalición Pacto Histórico,,,,,,,
José Gustavo Padilla Orozco,Valle del Cauca,Partido Conservador Colombiano,,,,,,,
Juan Carlos García Gómez,Norte de Santander,Partido Conservador Colombiano,,,,,,,
Juan Diego Muñoz Cabrera,Meta,Partido Alianza Verde,,,,,,,
León Fredy Muñoz Lopera,Antioquia,Partido Alianza Verde,,,,,,,
Luz María Múnera Medina,Antioquia,Coalición Pacto Histórico,,,,,,,
María José Pizarro Rodríguez,Bogotá,Decentes,,,,,,,
Mauricio Andrés Toro Orjuela,Bogotá,Partido Alianza Verde,,,,,,,
Norma Hurtado Sánchez,Valle del Cauca,Partido de la U,,,,,,,
Omar De Jesús Restrepo Correa,Antioquia,Partido Comunes,,,,,,,
Víctor Andrés Tovar Trujillo,Huila,Cambio Radical,,,,,,,
Yamil Hernando Arana Padaui,Bolívar,Partido Conservador Colombiano,,,,,,,
Ángela María Robledo Gómez,"C.P. Art. 112, A.L. 02 de 2015 Art. 1 y Est. de Oposición Ley, 1909 de 2018 Art. 24",Colombia Humana,,,,,,,
